Id,Nombre,Horas Trabajadas,Sueldo
7,Kimberlee,60,1317929424
14,Bronnie,60,1317877888
17,Ernesta,60,1317937424
88,George,60,1317917888
91,Sully,60,1317852352
118,Stu,60,1317828352
121,Patrizio,60,1317852352
124,Pen,60,1317869888
127,Cindelyn,60,1317828352
132,Dante,60,1317917888
141,Coreen,60,1317869888
143,Jenna,60,1317897888
146,Armand,60,1317852352
154,Bertine,60,1317897888
157,Maryjo,60,1317828352
158,Clarie,60,1317947424
165,Sib,60,1317929424
167,Didi,60,1317852352
168,Lodovico,60,1317869888
170,Devi,60,1317897888
174,Prentiss,60,1317917888
181,Guillaume,60,1317937424
184,Eric,60,1317963424
199,Eliot,60,1317828352
201,Odey,60,1317877888
207,Maddie,60,1317929424
212,Thomasina,60,1317947424
215,Nita,60,1317828352
229,Tabina,60,1317812352
230,Liana,60,1317929424
260,Tadd,60,1317963424
271,Larina,60,1317869888
272,Duncan,60,1317937424
275,Charmian,60,1317852352
284,Sidonia,60,1317812352
285,Bartel,60,1317937424
290,Gordon,60,1317897888
292,Christiano,60,1317963424
295,Catriona,60,1317947424
305,Jacinda,60,1317963424
309,Ernestus,60,1317828352
328,Matias,60,1317929424
329,Urbano,60,1317963424
337,Lira,60,1317917888
342,Floria,60,1317828352
361,Sinclair,60,1317963424
369,Deni,60,1317947424
374,Dalis,60,1317947424
393,Barret,60,1317812352
395,Livy,60,1317877888
400,Prince,60,1317897888
410,Fidelia,60,1317828352
411,Frayda,60,1317917888
417,Sibley,60,1317877888
435,Wesley,60,1317812352
437,Any,60,1317869888
440,Garold,60,1317877888
448,Lenora,60,1317869888
459,Karen,60,1317877888
461,Anthia,60,1317937424
467,Svend,60,1317897888
469,Chrisy,60,1317852352
474,Salomi,60,1317812352
477,Mariele,60,1317929424
481,Lionello,60,1317937424
499,Bibbie,60,1317937424
503,Patton,60,1317852352
506,Lothaire,60,1317877888
511,Markos,60,1317877888
597,Isabelle,60,1317877888
614,Fredia,60,1317877888
620,Lissy,60,1317937424
628,Maddy,60,1317897888
637,Rosalia,60,1317869888
638,Merissa,60,1317897888
639,Marylee,60,1317963424
642,Elinor,60,1317929424
644,Malachi,60,1317897888
645,Sarajane,60,1317812352
650,Hugo,60,1317917888
665,Wheeler,60,1317897888
669,Beverlee,60,1317897888
677,Galen,60,1317963424
679,Tomi,60,1317963424
683,Jaquenette,60,1317897888
684,Sly,60,1317947424
685,Yul,60,1317917888
690,Krystyna,60,1317963424
705,Ariella,60,1317828352
731,Cassandry,60,1317929424
771,Portia,60,1317929424
772,Alica,60,1317937424
783,Crosby,60,1317828352
784,Marianne,60,1317929424
786,Edan,60,1317963424
791,Ki,60,1317947424
795,Lorianna,60,1317852352
801,Janine,60,1317963424
811,Susi,60,1317869888
812,Maxy,60,1317852352
814,Obadiah,60,1317828352
830,Cale,60,1317963424
831,Christina,60,1317937424
835,Adelle,60,1317812352
836,Keene,60,1317897888
841,Shelley,60,1317852352
845,Yardley,60,1317963424
848,Rasia,60,1317937424
860,Fair,60,1317937424
865,Devonna,60,1317869888
866,Rubi,60,1317869888
871,Phelia,60,1317929424
875,Saw,60,1317852352
877,Mac,60,1317897888
892,Devland,60,1317812352
905,Freda,60,1317947424
913,Anetta,60,1317812352
917,Luis,60,1317828352
924,Orlan,60,1317897888
929,Melody,60,1317877888
962,Burty,60,1317828352
980,Brana,60,1317812352
984,Pebrook,60,1317929424
989,Wandie,60,1317897888
993,Angelia,60,1317963424
999,Tamarra,60,1317852352
10,Aggie,75,1317852352
26,Karim,75,1317897888
40,Sydney,75,1317812352
46,Lonnard,75,1317963424
53,Hyacinthie,75,1317852352
56,Bernardine,75,1317929424
62,Marysa,75,1317877888
67,Blanch,75,1317852352
90,Margaretha,75,1317812352
96,Martino,75,1317852352
106,Nance,75,1317812352
110,Dominick,75,1317917888
112,Tersina,75,1317917888
116,Tracey,75,1317877888
128,Zacharie,75,1317917888
130,Omero,75,1317812352
131,Tom,75,1317929424
138,Brynn,75,1317963424
177,Robbi,75,1317812352
178,Mellicent,75,1317963424
186,Ian,75,1317947424
187,Sebastien,75,1317937424
189,Maible,75,1317869888
191,Bethina,75,1317852352
234,Pietro,75,1317869888
240,Billie,75,1317937424
241,Alexandra,75,1317947424
245,Donal,75,1317869888
255,Yuri,75,1317897888
267,Abbie,75,1317897888
269,Shirl,75,1317877888
274,Dyann,75,1317963424
276,Dru,75,1317963424
277,Kiel,75,1317963424
289,Dulcea,75,1317897888
301,Cos,75,1317917888
306,Silvan,75,1317828352
332,Eden,75,1317869888
333,Cornie,75,1317852352
339,Nona,75,1317917888
347,Tarra,75,1317828352
358,Ula,75,1317963424
372,Andy,75,1317937424
373,Veronica,75,1317947424
413,Clair,75,1317947424
416,Dennie,75,1317947424
418,Addia,75,1317877888
434,Brietta,75,1317947424
451,Margalit,75,1317852352
456,Leeanne,75,1317812352
470,Rod,75,1317963424
489,Dorothea,75,1317852352
491,Skipton,75,1317812352
493,Joshia,75,1317929424
504,Karie,75,1317897888
512,Bird,75,1317869888
531,Maxi,75,1317937424
538,Caren,75,1317828352
546,Henrie,75,1317963424
557,Babbie,75,1317852352
573,Sutherlan,75,1317812352
576,Corrina,75,1317852352
600,Cornall,75,1317869888
612,Fidole,75,1317917888
616,Hetti,75,1317917888
627,Nicola,75,1317828352
653,Harmonia,75,1317828352
657,Boothe,75,1317828352
675,Immanuel,75,1317929424
680,Flore,75,1317917888
682,Tally,75,1317947424
687,Devondra,75,1317812352
689,Terrence,75,1317947424
692,Zorina,75,1317869888
694,Terrie,75,1317947424
696,Erhard,75,1317929424
699,Evelyn,75,1317812352
707,Petronille,75,1317947424
724,Zia,75,1317947424
729,Osbert,75,1317929424
733,Evvy,75,1317947424
739,Winnifred,75,1317812352
741,Carleton,75,1317852352
746,Rosemarie,75,1317812352
762,Lucienne,75,1317897888
763,Davidson,75,1317937424
778,Ingmar,75,1317869888
781,Felike,75,1317929424
792,Jermayne,75,1317929424
808,Emanuel,75,1317917888
822,Jefferey,75,1317812352
834,Chad,75,1317852352
837,Corrina,75,1317963424
876,Cecil,75,1317937424
882,Rina,75,1317897888
887,Guillermo,75,1317947424
891,Conant,75,1317937424
923,Ezekiel,75,1317877888
931,Callie,75,1317812352
939,Verina,75,1317937424
948,Agustin,75,1317897888
952,Edwina,75,1317947424
953,Lacey,75,1317963424
957,Floyd,75,1317852352
958,Trista,75,1317963424
964,Ansley,75,1317937424
974,Herrick,75,1317917888
982,Sharai,75,1317812352
998,Jaye,75,1317897888
18,Cirillo,88,1317963424
20,Bellanca,88,1317852352
22,Eugene,88,1317963424
34,Redd,88,1317947424
37,Stefa,88,1317947424
39,Alfredo,88,1317812352
42,Ame,88,1317963424
43,Bradney,88,1317897888
49,Dagmar,88,1317897888
51,Marion,88,1317963424
61,Deeyn,88,1317877888
73,Cristi,88,1317947424
85,Trenton,88,1317828352
97,Marcellus,88,1317963424
100,Georgeta,88,1317812352
101,Marcille,88,1317812352
102,Ertha,88,1317812352
122,Linda,88,1317917888
125,Esteban,88,1317852352
129,Vina,88,1317947424
139,Yankee,88,1317947424
142,Tanya,88,1317917888
175,Lorant,88,1317963424
182,Loutitia,88,1317897888
192,Farand,88,1317947424
193,Zolly,88,1317897888
195,Roderigo,88,1317877888
202,Yorke,88,1317852352
205,Mallorie,88,1317917888
206,Borden,88,1317828352
208,Weider,88,1317963424
210,Sayres,88,1317812352
218,Romola,88,1317963424
226,Trula,88,1317917888
232,Alla,88,1317917888
235,Hiram,88,1317877888
250,Tiphani,88,1317947424
252,Karlotte,88,1317877888
254,Morris,88,1317812352
261,Josiah,88,1317812352
262,Melisa,88,1317828352
266,Arel,88,1317917888
270,Edlin,88,1317877888
279,Alberik,88,1317963424
300,Zabrina,88,1317828352
318,Urban,88,1317812352
331,Booth,88,1317852352
335,Rand,88,1317877888
343,Johannes,88,1317869888
349,Cassie,88,1317963424
354,Kurtis,88,1317963424
359,Tully,88,1317869888
386,Demeter,88,1317812352
390,Ag,88,1317963424
391,Sherwin,88,1317963424
392,Vikki,88,1317929424
397,Charil,88,1317929424
398,Easter,88,1317917888
403,Bar,88,1317877888
405,Amerigo,88,1317929424
430,Pincus,88,1317947424
452,Samara,88,1317963424
478,Brooke,88,1317877888
490,Tamarah,88,1317963424
523,Eddy,88,1317828352
525,Edan,88,1317877888
535,Frans,88,1317929424
539,Christie,88,1317869888
545,Domini,88,1317869888
551,Gauthier,88,1317828352
560,Hesther,88,1317852352
561,Sasha,88,1317852352
564,Briney,88,1317828352
569,Carter,88,1317929424
574,Phillipe,88,1317937424
580,Delaney,88,1317963424
582,Grier,88,1317947424
594,Cyndia,88,1317929424
599,Howard,88,1317869888
606,Dedie,88,1317929424
623,Dorotea,88,1317812352
626,Menard,88,1317937424
629,Mace,88,1317869888
632,Josepha,88,1317877888
634,Viva,88,1317897888
646,Arlie,88,1317947424
655,Maddy,88,1317897888
666,Caritta,88,1317828352
678,Nilson,88,1317812352
688,Xenos,88,1317937424
710,Nikolaus,88,1317917888
719,Kamila,88,1317947424
720,Jennie,88,1317947424
743,Pancho,88,1317869888
753,Andrej,88,1317963424
756,Kaitlynn,88,1317852352
758,Boycie,88,1317869888
766,Toby,88,1317877888
774,Barde,88,1317869888
780,Tootsie,88,1317897888
797,Diahann,88,1317929424
799,Emmaline,88,1317937424
805,Fred,88,1317897888
807,Wini,88,1317937424
813,Agnes,88,1317947424
816,Michele,88,1317947424
817,Cynthia,88,1317897888
820,Mag,88,1317828352
838,Hashim,88,1317963424
844,Bella,88,1317869888
868,Trumaine,88,1317947424
883,Callida,88,1317929424
886,Bailey,88,1317917888
888,Katlin,88,1317897888
896,Oberon,88,1317852352
909,Leo,88,1317947424
914,Curry,88,1317877888
936,Carolina,88,1317929424
944,Isabeau,88,1317937424
966,Karon,88,1317812352
975,Aleksandr,88,1317947424
986,Ferd,88,1317897888
991,Zaccaria,88,1317929424
997,De witt,88,1317828352
8,Henrieta,90,1317917888
16,Iver,90,1317828352
24,Reagen,90,1317947424
27,Anthea,90,1317947424
33,Earle,90,1317812352
38,Roda,90,1317897888
60,Kori,90,1317963424
65,Star,90,1317929424
71,Shaughn,90,1317852352
72,Katrine,90,1317897888
74,Cristie,90,1317897888
75,Solomon,90,1317812352
77,Sacha,90,1317897888
83,Lesya,90,1317852352
86,Angie,90,1317877888
87,Joelle,90,1317937424
89,Guenevere,90,1317917888
94,My,90,1317869888
95,Kyrstin,90,1317937424
99,Aleda,90,1317963424
104,Geneva,90,1317929424
113,Johnathon,90,1317852352
144,Flora,90,1317929424
145,Dianna,90,1317877888
153,Byram,90,1317947424
159,Kipp,90,1317852352
162,Ofella,90,1317963424
173,Brandon,90,1317869888
179,Lynea,90,1317877888
190,Waldon,90,1317917888
196,Otho,90,1317877888
214,Nicolina,90,1317917888
242,Broddie,90,1317947424
249,Jessee,90,1317917888
263,Orelee,90,1317877888
286,Jodi,90,1317917888
288,Dudley,90,1317947424
296,Leigh,90,1317937424
298,Sayre,90,1317869888
307,Renie,90,1317929424
310,Brnaba,90,1317937424
312,Lenci,90,1317947424
317,Web,90,1317937424
319,Fan,90,1317869888
321,Wilona,90,1317897888
322,Richard,90,1317947424
323,Hilary,90,1317937424
324,Ad,90,1317929424
344,Genevra,90,1317812352
364,Junie,90,1317877888
376,Vikky,90,1317852352
381,Silas,90,1317852352
382,Alister,90,1317929424
385,Gayel,90,1317877888
387,Juliann,90,1317963424
394,Gaelan,90,1317897888
396,Iorgos,90,1317869888
412,Babita,90,1317917888
425,Jordan,90,1317929424
429,Coleman,90,1317897888
438,Gardie,90,1317828352
464,Liana,90,1317852352
468,Kendell,90,1317897888
471,Ramsay,90,1317877888
475,Coletta,90,1317963424
476,Abigael,90,1317828352
479,Benita,90,1317897888
480,Marissa,90,1317937424
492,Minny,90,1317929424
505,Martguerita,90,1317963424
514,Vincents,90,1317897888
520,Coop,90,1317937424
530,Mort,90,1317947424
537,Ced,90,1317877888
542,Gene,90,1317852352
554,Lucais,90,1317947424
558,Caren,90,1317852352
565,Rutherford,90,1317852352
572,Antonella,90,1317852352
601,Emmalee,90,1317869888
605,Minda,90,1317852352
610,Sayre,90,1317929424
624,Giraud,90,1317852352
631,Ivonne,90,1317877888
636,Abigail,90,1317869888
648,Ethan,90,1317828352
656,Filmer,90,1317963424
663,Millie,90,1317852352
671,Jacqueline,90,1317963424
672,Sheila-kathryn,90,1317812352
698,Paddie,90,1317929424
700,Abbot,90,1317929424
701,Tedra,90,1317929424
702,Rikki,90,1317828352
703,Alverta,90,1317897888
716,Elita,90,1317869888
717,Hyacinthia,90,1317897888
725,Cristina,90,1317852352
730,Emmet,90,1317937424
744,Melonie,90,1317929424
747,Graehme,90,1317869888
748,Mitchael,90,1317929424
759,Nanete,90,1317937424
775,Wilie,90,1317917888
777,Ree,90,1317947424
800,Daffi,90,1317828352
804,Earle,90,1317917888
824,Mercie,90,1317947424
827,Angeli,90,1317877888
828,Norbert,90,1317877888
852,Giacopo,90,1317869888
863,Cherish,90,1317947424
873,Thomasa,90,1317869888
885,Jan,90,1317869888
895,Frasquito,90,1317852352
900,Riccardo,90,1317947424
919,Calypso,90,1317828352
921,Odie,90,1317877888
922,Wenda,90,1317828352
925,Wittie,90,1317937424
926,Abbie,90,1317869888
935,Jillane,90,1317937424
940,Josefina,90,1317917888
954,Laetitia,90,1317929424
959,Shaughn,90,1317852352
978,Warner,90,1317917888
992,Trenna,90,1317812352
996,Atalanta,90,1317937424
1,Lou,120,1317812352
4,Kimbell,120,1317963424
6,Gayle,120,1317917888
13,Shel,120,1317963424
19,Park,120,1317917888
28,Doro,120,1317929424
29,Gaye,120,1317937424
44,Margarete,120,1317963424
45,Nikoletta,120,1317963424
48,Noella,120,1317852352
54,Julina,120,1317929424
59,Celene,120,1317963424
63,Loy,120,1317852352
64,Gabbey,120,1317937424
66,Dominica,120,1317929424
68,Cristobal,120,1317852352
69,Paulita,120,1317963424
76,Nananne,120,1317929424
84,Tatiania,120,1317877888
98,Jacquelin,120,1317917888
103,Desiri,120,1317897888
105,Kilian,120,1317947424
111,Petey,120,1317852352
133,Cordy,120,1317869888
140,Corbin,120,1317947424
152,Babbie,120,1317852352
155,Osbert,120,1317947424
161,Ferdie,120,1317852352
164,Cathrin,120,1317917888
197,Alasteir,120,1317877888
198,Eleonora,120,1317947424
211,Marcile,120,1317917888
216,Nikoletta,120,1317828352
222,Marina,120,1317828352
233,Peter,120,1317828352
238,Leeanne,120,1317852352
244,Cal,120,1317947424
248,Maynard,120,1317869888
256,Gusty,120,1317812352
264,Stephen,120,1317937424
287,Ofelia,120,1317917888
294,Cleo,120,1317963424
302,Ron,120,1317877888
311,Tabor,120,1317937424
320,Donaugh,120,1317828352
326,Lina,120,1317828352
346,Janeta,120,1317812352
350,Maiga,120,1317877888
356,Isabelle,120,1317877888
360,Honor,120,1317917888
362,Buddy,120,1317963424
365,Neely,120,1317877888
367,Maryellen,120,1317937424
370,Ingrim,120,1317917888
384,Nonnah,120,1317897888
388,Shauna,120,1317897888
389,Anna-maria,120,1317947424
399,Esdras,120,1317937424
401,Vail,120,1317929424
408,Benson,120,1317877888
409,Sileas,120,1317877888
421,Neila,120,1317852352
436,Felicdad,120,1317869888
445,Ozzie,120,1317877888
462,Marsiella,120,1317877888
463,Shea,120,1317828352
465,Carley,120,1317828352
466,Carlye,120,1317937424
482,Tori,120,1317947424
484,Kym,120,1317877888
486,Bartholomew,120,1317929424
508,Lin,120,1317828352
521,Sheridan,120,1317963424
524,Janey,120,1317947424
532,Nathalie,120,1317937424
534,Bunnie,120,1317929424
547,Marj,120,1317869888
548,Mab,120,1317897888
549,Josiah,120,1317828352
553,Lynett,120,1317937424
556,Aeriela,120,1317937424
562,Erica,120,1317812352
563,Keith,120,1317812352
568,Modesta,120,1317929424
579,Shel,120,1317897888
584,Basil,120,1317828352
595,Gray,120,1317947424
596,Dylan,120,1317917888
615,Idalina,120,1317963424
621,Odessa,120,1317963424
633,Shandra,120,1317963424
640,Wolfy,120,1317929424
658,Dorrie,120,1317947424
661,Shermie,120,1317828352
667,Kennan,120,1317828352
681,Burgess,120,1317828352
693,Baxy,120,1317877888
697,Robbie,120,1317917888
704,Pauly,120,1317917888
706,Lia,120,1317877888
709,Hagan,120,1317963424
711,Cinda,120,1317947424
712,Matelda,120,1317869888
713,Roslyn,120,1317897888
738,Silvie,120,1317828352
760,Sidonia,120,1317812352
761,Galvan,120,1317929424
779,Melva,120,1317947424
785,Francine,120,1317947424
787,Fayre,120,1317869888
790,Noll,120,1317917888
826,Yetta,120,1317897888
842,Irv,120,1317852352
846,Brendin,120,1317812352
854,Levon,120,1317897888
855,Vassili,120,1317929424
857,Devlen,120,1317937424
858,Ophelie,120,1317937424
872,Madonna,120,1317812352
878,Ralf,120,1317828352
880,Josi,120,1317869888
881,Kenna,120,1317897888
893,Annamarie,120,1317877888
897,Gabriell,120,1317812352
899,Martelle,120,1317852352
902,Coral,120,1317869888
903,Judas,120,1317812352
910,Atlante,120,1317929424
912,Oren,120,1317877888
927,Robinia,120,1317812352
934,Dorette,120,1317937424
937,Randy,120,1317852352
941,Nina,120,1317897888
942,Vernen,120,1317869888
949,Clerissa,120,1317852352
950,Lonna,120,1317812352
956,Sioux,120,1317828352
960,Zitella,120,1317947424
963,Arley,120,1317929424
967,Esme,120,1317937424
973,Guglielma,120,1317852352
979,Libbey,120,1317947424
983,Josi,120,1317828352
2,Ulrike,180,1317897888
11,Brandea,180,1317852352
15,Megen,180,1317812352
21,Bobbye,180,1317852352
25,Braden,180,1317897888
30,Toby,180,1317852352
32,Katey,180,1317947424
36,Cristie,180,1317812352
41,Brnaba,180,1317917888
47,Raine,180,1317917888
57,Homer,180,1317869888
70,Sayre,180,1317929424
78,Morse,180,1317897888
79,Roland,180,1317897888
80,Jesselyn,180,1317917888
82,Kendre,180,1317897888
93,Nicky,180,1317947424
107,Gaven,180,1317812352
114,Freddie,180,1317828352
117,Cherrita,180,1317929424
136,Gideon,180,1317852352
147,Gustie,180,1317947424
148,Benton,180,1317828352
150,Dot,180,1317869888
171,Clair,180,1317937424
185,Marcellus,180,1317917888
203,Cissiee,180,1317869888
204,Jillana,180,1317869888
227,Adel,180,1317917888
228,Jeniece,180,1317852352
236,Anastasia,180,1317869888
237,Cathleen,180,1317812352
243,Brigham,180,1317897888
247,Dotty,180,1317947424
251,Jenna,180,1317917888
257,Jori,180,1317828352
259,Merrile,180,1317963424
265,Blair,180,1317963424
273,Bond,180,1317812352
280,Koenraad,180,1317877888
281,Rafaellle,180,1317963424
299,Jody,180,1317929424
303,Charin,180,1317828352
314,Charisse,180,1317963424
341,Rafaello,180,1317937424
353,Carita,180,1317947424
355,Wilfred,180,1317877888
363,Neilla,180,1317963424
366,Klarrisa,180,1317869888
375,Nanni,180,1317897888
379,Crawford,180,1317828352
414,Morie,180,1317828352
419,Ed,180,1317869888
420,Lothaire,180,1317828352
426,Minnnie,180,1317877888
427,Carine,180,1317929424
433,Emmit,180,1317828352
441,Regine,180,1317812352
444,Chrissy,180,1317869888
447,Guy,180,1317947424
457,Arnaldo,180,1317812352
473,Erek,180,1317812352
494,Mirilla,180,1317917888
498,Gretchen,180,1317828352
509,Cornie,180,1317947424
510,Irena,180,1317877888
517,Danya,180,1317897888
522,Charles,180,1317947424
529,Daveta,180,1317877888
541,Deny,180,1317869888
544,Prisca,180,1317869888
550,Mathe,180,1317828352
552,Delmore,180,1317929424
555,Clarice,180,1317929424
575,Florida,180,1317937424
583,Annabell,180,1317852352
585,Horatius,180,1317869888
589,Hesther,180,1317929424
598,Eachelle,180,1317937424
602,Brian,180,1317877888
617,Kirk,180,1317917888
618,Orson,180,1317897888
619,Lyndsay,180,1317947424
622,Hestia,180,1317869888
625,Tonya,180,1317937424
630,Lyndy,180,1317937424
635,Sherwin,180,1317812352
643,Neron,180,1317947424
649,Ruthy,180,1317877888
654,Damara,180,1317828352
662,Byrom,180,1317947424
668,Katina,180,1317877888
714,Jerrylee,180,1317812352
721,Riobard,180,1317947424
723,Darlene,180,1317947424
728,Klara,180,1317963424
734,Silas,180,1317877888
735,Kaia,180,1317897888
737,Keith,180,1317877888
750,Zsa zsa,180,1317877888
751,Jude,180,1317828352
752,Arch,180,1317929424
764,Roslyn,180,1317812352
765,Jenny,180,1317929424
773,Juliana,180,1317963424
788,Adelaida,180,1317937424
796,Hersh,180,1317929424
798,Yelena,180,1317963424
802,Sheilah,180,1317947424
821,Trevor,180,1317812352
829,Conan,180,1317877888
849,Gibb,180,1317877888
853,Eve,180,1317828352
856,Henrieta,180,1317917888
862,Holden,180,1317963424
890,Madel,180,1317828352
901,Shaughn,180,1317963424
908,Brittany,180,1317869888
911,Maurie,180,1317963424
915,Tyrone,180,1317852352
916,Saunder,180,1317937424
928,Hayden,180,1317917888
932,Debby,180,1317869888
938,Arabel,180,1317963424
943,Loria,180,1317897888
947,Martyn,180,1317897888
961,Ginnie,180,1317852352
965,Kirstin,180,1317828352
971,Mercedes,180,1317828352
981,Genevieve,180,1317877888
988,Dawn,180,1317937424
994,Raquela,180,1317828352
995,Maxi,200,1317869888
5,Sheelagh,220,1317869888
35,Jehanna,220,1317963424
50,Carroll,220,1317947424
52,Carline,220,1317828352
55,Corina,220,1317937424
58,Lianna,220,1317828352
92,Lonni,220,1317963424
108,Carlie,220,1317812352
115,Harmon,220,1317963424
119,Glenda,220,1317937424
120,Lorettalorna,220,1317897888
134,Stephenie,220,1317963424
137,Johnette,220,1317812352
151,Meryl,220,1317828352
163,Pascale,220,1317852352
166,Darleen,220,1317947424
188,Scarface,220,1317963424
200,Alana,220,1317917888
213,Darwin,220,1317869888
217,Dwight,220,1317947424
220,Mozes,220,1317897888
225,Adriano,220,1317929424
231,Marmaduke,220,1317812352
246,Adam,220,1317877888
253,Norene,220,1317897888
258,Sydelle,220,1317917888
278,Emory,220,1317852352
291,Chalmers,220,1317812352
293,Russell,220,1317963424
297,Ddene,220,1317828352
304,Coleman,220,1317929424
313,Franchot,220,1317828352
315,Timothea,220,1317877888
316,Angelika,220,1317963424
325,Maynord,220,1317947424
327,Nerty,220,1317877888
330,Rosemarie,220,1317929424
334,Isak,220,1317877888
336,Dominique,220,1317937424
345,Aldric,220,1317963424
348,Jefferey,220,1317929424
357,Nisse,220,1317937424
368,Clywd,220,1317929424
378,Brigg,220,1317812352
380,Fran,220,1317917888
407,Mikael,220,1317963424
422,Jennifer,220,1317852352
431,Smitty,220,1317852352
442,Tam,220,1317877888
443,Davon,220,1317877888
449,Julietta,220,1317947424
450,Alexandr,220,1317869888
453,Portie,220,1317852352
483,Micheil,220,1317937424
485,Melisse,220,1317812352
487,Rorie,220,1317897888
488,Hedvige,220,1317937424
495,Willey,220,1317852352
496,Conrado,220,1317963424
497,Fredia,220,1317917888
500,Warren,220,1317897888
501,Gabi,220,1317917888
502,Callie,220,1317963424
507,Patrice,220,1317937424
528,Helen-elizabeth,220,1317877888
543,Margeaux,220,1317869888
567,Dur,220,1317897888
570,Retha,220,1317852352
571,Carma,220,1317929424
577,Adrianne,220,1317812352
581,Tiphani,220,1317929424
586,Umeko,220,1317917888
587,Hayes,220,1317812352
588,Lynnette,220,1317937424
592,Corabelle,220,1317937424
593,Vic,220,1317897888
604,Arvin,220,1317963424
608,Joshia,220,1317897888
611,Pearla,220,1317877888
641,Maia,220,1317812352
647,Felike,220,1317828352
651,Thorndike,220,1317812352
659,Willdon,220,1317812352
670,Arlette,220,1317917888
674,Lamont,220,1317929424
676,Nani,220,1317963424
695,Justino,220,1317869888
718,Fina,220,1317947424
726,Jonathon,220,1317963424
727,Rickie,220,1317947424
742,Silvano,220,1317828352
757,Kerianne,220,1317937424
776,Letta,220,1317812352
789,Florella,220,1317897888
803,Lazaro,220,1317812352
806,Almira,220,1317947424
809,Obadias,220,1317812352
815,Lefty,220,1317963424
818,Hyatt,220,1317877888
819,Roch,220,1317929424
843,Grant,220,1317929424
847,Estella,220,1317947424
851,Sidoney,220,1317877888
867,Emmanuel,220,1317917888
869,Malory,220,1317947424
870,Pearla,220,1317929424
884,Lona,220,1317917888
894,Gabbie,220,1317947424
898,Ki,220,1317917888
920,Gretna,220,1317947424
945,Cherice,220,1317852352
951,Wake,220,1317897888
987,Mohammed,220,1317947424
3,Brade,325,1317877888
9,Jeanine,325,1317869888
12,Cordelie,325,1317963424
23,Johnny,325,1317929424
31,Franny,325,1317852352
81,Kylila,325,1317828352
109,Trixie,325,1317947424
123,Pippa,325,1317877888
126,Fonzie,325,1317852352
135,Dunstan,325,1317877888
149,Lena,325,1317897888
156,Tanny,325,1317947424
160,Leonie,325,1317963424
169,Farley,325,1317828352
172,Addy,325,1317929424
176,Wanids,325,1317917888
180,Nial,325,1317852352
183,Ruthe,325,1317917888
194,Philipa,325,1317947424
209,Asia,325,1317937424
219,Kaile,325,1317929424
221,Aylmer,325,1317929424
223,Enrico,325,1317963424
224,Zonda,325,1317929424
239,Chet,325,1317947424
268,Channa,325,1317963424
282,Edie,325,1317897888
283,Osbert,325,1317852352
308,Davide,325,1317947424
338,Filbert,325,1317877888
340,Melloney,325,1317929424
351,Heddi,325,1317877888
352,Marieann,325,1317963424
371,Franni,325,1317947424
377,Hussein,325,1317897888
383,George,325,1317852352
402,Rachel,325,1317828352
404,Willa,325,1317917888
406,Fredric,325,1317963424
415,Skylar,325,1317877888
423,Keelby,325,1317852352
424,Chuck,325,1317929424
428,Kelly,325,1317937424
432,Wade,325,1317828352
439,Leelah,325,1317897888
446,Rina,325,1317877888
454,Korella,325,1317929424
455,Hilly,325,1317917888
458,Kassi,325,1317937424
460,Mac,325,1317877888
472,Saidee,325,1317963424
513,Lorna,325,1317947424
515,Torrey,325,1317947424
516,Pernell,325,1317963424
518,Erda,325,1317937424
519,Ethe,325,1317877888
526,Homer,325,1317812352
527,Eveline,325,1317937424
533,Dennison,325,1317897888
536,Delmar,325,1317947424
540,Saunders,325,1317897888
559,Jessamine,325,1317869888
566,Lemmie,325,1317869888
578,Scarlett,325,1317877888
590,Trumaine,325,1317852352
591,Emlyn,325,1317963424
603,Cahra,325,1317963424
607,Lydia,325,1317852352
609,Bernita,325,1317852352
613,Evin,325,1317828352
652,Cesaro,325,1317917888
660,Cindi,325,1317828352
664,Natassia,325,1317947424
673,Lambert,325,1317947424
686,Rosalyn,325,1317937424
691,Krishna,325,1317963424
708,Merle,325,1317812352
715,Lucky,325,1317947424
722,Joannes,325,1317812352
732,Enrica,325,1317869888
736,Arvie,325,1317852352
740,Chen,325,1317937424
745,Gordon,325,1317828352
749,Carola,325,1317812352
754,Amber,325,1317947424
755,Dorian,325,1317852352
767,Brynne,325,1317869888
768,Blakeley,325,1317869888
769,Egan,325,1317812352
770,Barbey,325,1317877888
782,Laughton,325,1317852352
793,Grayce,325,1317929424
794,Harv,325,1317947424
810,Efrem,325,1317877888
823,Tania,325,1317947424
825,Andrei,325,1317812352
832,Olivier,325,1317877888
833,Oby,325,1317828352
839,Oralia,325,1317812352
840,Wadsworth,325,1317917888
850,Amanda,325,1317937424
859,Abramo,325,1317937424
861,Pietrek,325,1317897888
864,Alonzo,325,1317828352
874,Estella,325,1317877888
879,Barbey,325,1317828352
889,Flo,325,1317947424
904,Josiah,325,1317828352
906,Lynn,325,1317937424
907,Tabb,325,1317963424
918,Alysia,325,1317937424
930,Emory,325,1317937424
933,Gui,325,1317877888
946,Kimberley,325,1317869888
955,Delila,325,1317877888
968,Berenice,325,1317812352
969,Charlie,325,1317963424
970,Noach,325,1317828352
972,Sloan,325,1317947424
976,Arlina,325,1317929424
977,Wenonah,325,1317828352
985,Erna,325,1317929424
990,Chiarra,325,1317869888
